--CREATE DATABASE QLGV
DROP DATABASE QLGV
USE QLGV;

/*
CREATE TABLE KHOA
(
	MAKHOA VARCHAR(4) NOT NULL,
	TENKHOA VARCHAR(40),
	NGTLAP SMALLDATETIME,
	TRGKHOA CHAR(4),
)

CREATE TABLE MONHOC
(
	MAMH VARCHAR(10) NOT NULL,
	TENMH VARCHAR(40),
	TCLT TINYINT,
	TCTH TINYINT,
	MAKHOA VARCHAR(40),
)

CREATE TABLE DIEUKIEN
(
	MAMH VARCHAR(10) NOT NULL,
	MAMH_TRUOC VARCHAR(10) NOT NULL,
)

CREATE TABLE GIAOVIEN
(
	MAGV CHAR(4) NOT NULL,
	HOTEN VARCHAR(40),
	HOCVI VARCHAR(10),
	HOCHAM VARCHAR(10),
	GIOITINH VARCHAR(3),
	NGSINH SMALLDATETIME,
	NGVL SMALLDATETIME,
	HESO NUMERIC(4,2),
	MUCLUONG MONEY,
	MAKHOA VARCHAR(4),
)

CREATE TABLE LOP 
(
	MALOP CHAR(3) NOT NULL,
	TENLOP VARCHAR(40),
	TRGLOP CHAR(5),
	SISO TINYINT,
	MAGVCN CHAR(4),
)

CREATE TABLE HOCVIEN
(
	MAHV CHAR(5) NOT NULL,
	HO VARCHAR(40),
	TEN VARCHAR(10),
	NGSINH SMALLDATETIME,
	GIOITINH VARCHAR(3),
	NOISINH VARCHAR(40),
	MALOP CHAR(3),
)

CREATE TABLE GIANGDAY
(
	MALOP CHAR(3) NOT NULL,
	MAMH VARCHAR(10) NOT NULL,
	MAGV CHAR(4),
	HOCKY TINYINT,
	NAM SMALLINT,
	TUNGAY SMALLDATETIME,
	DENNGAY SMALLDATETIME,
)

CREATE TABLE KETQUATHI
(
	MAHV CHAR(5) NOT NULL,
	MAMH VARCHAR(10) NOT NULL,
	LANTHI TINYINT NOT NULL,
	NGTHI SMALLDATETIME,
	DIEM NUMERIC(4,2),
	KQUA VARCHAR(10),
)
*/

-- BÀI TẬP 2 - PHẦN I:

-- 1.Tạo quan hệ và khai báo tất cả các ràng buộc khóa chính, khóa ngoại. Thêm vào 3 thuộc tính GHICHU, DIEMTB, XEPLOAI cho quan hệ HOCVIEN.


ALTER TABLE HOCVIEN ADD CONSTRAINT PK_HOCVIEN PRIMARY KEY (MAHV)

ALTER TABLE LOP ADD CONSTRAINT PK_LOP PRIMARY KEY (MALOP)

ALTER TABLE KHOA ADD CONSTRAINT PK_KHOA PRIMARY KEY (MAKHOA)

ALTER TABLE MONHOC ADD CONSTRAINT PK_MONHOC PRIMARY KEY (MAMH)

ALTER TABLE GIAOVIEN ADD CONSTRAINT PK_GIAOVIEN PRIMARY KEY (MAGV)

ALTER TABLE KHOA ADD CONSTRAINT FK_KHOA_TRGKHOA FOREIGN KEY (TRGKHOA) REFERENCES GIAOVIEN(MAGV)  -- Gỡ rồi

ALTER TABLE DIEUKIEN ADD CONSTRAINT PK_DIEUKIEN PRIMARY KEY(MAMH,MAMH_TRUOC)

ALTER TABLE DIEUKIEN ADD CONSTRAINT FK_DIEUKIEN_MAMH FOREIGN KEY (MAMH) REFERENCES MONHOC(MAMH)		-- Gỡ rồi

ALTER TABLE DIEUKIEN ADD CONSTRAINT FK_DIEUKIEN_MAMH_TRUOC FOREIGN KEY (MAMH_TRUOC) REFERENCES MONHOC(MAMH)		-- Gỡ rồi

ALTER TABLE GIAOVIEN ADD CONSTRAINT FK_GIAOVIEN_MAKHOA FOREIGN KEY (MAKHOA) REFERENCES KHOA(MAKHOA)

ALTER TABLE LOP ADD CONSTRAINT FK_LOP_MAGVCN FOREIGN KEY (MAGVCN) REFERENCES GIAOVIEN(MAGV)  -- Gỡ rồi

ALTER TABLE LOP ADD CONSTRAINT FK_LOP_TRGLOP FOREIGN KEY (TRGLOP) REFERENCES HOCVIEN(MAHV)   -- Gỡ rồi

ALTER TABLE HOCVIEN ADD CONSTRAINT FK_HOCVIEN_MALOP FOREIGN KEY (MALOP) REFERENCES LOP(MALOP)

ALTER TABLE GIANGDAY ADD CONSTRAINT PK_GIANGDAY PRIMARY KEY (MALOP,MAMH)

ALTER TABLE GIANGDAY ADD CONSTRAINT FK_GIANGDAY_MALOP FOREIGN KEY (MALOP) REFERENCES LOP(MALOP)

ALTER TABLE GIANGDAY ADD CONSTRAINT FK_GIANGDAY_MAMH FOREIGN KEY (MAMH) REFERENCES MONHOC(MAMH)

ALTER TABLE KETQUATHI ADD CONSTRAINT PK_KETQUATHI PRIMARY KEY (MAHV,MAMH,LANTHI)

ALTER TABLE KETQUATHI ADD CONSTRAINT FK_KQT_MAHV FOREIGN KEY (MAHV) REFERENCES HOCVIEN(MAHV) 

ALTER TABLE KETQUATHI ADD CONSTRAINT FK_KQT_MAMH FOREIGN KEY (MAMH) REFERENCES MONHOC(MAMH)

ALTER TABLE HOCVIEN ADD GHICHU VARCHAR(20)

ALTER TABLE HOCVIEN ADD DIEMTB NUMERIC(4,2)

ALTER TABLE HOCVIEN ADD XEPLOAI VARCHAR(10)


-- 2.Mã học viên là một chuỗi 5 ký tự, 3 ký tự đầu là mã lớp, 2 ký tự cuối cùng là số thứ tự học viên trong lớp. VD: “K1101”
ALTER TABLE HOCVIEN ADD CONSTRAINT CK_HOCVIEN_MAHV CHECK (MAHV LIKE 'K____')
	-- Sua bai C1: ALTER TABLE HOCVIEN ADD CONSTRAINT CK_HOCVIEN_MAHV CHECK(MAHV LIKE 'K[0-9][0-9][0-9][0-9]')
	-- Sua bai C2: ALTER TABLE HOCVIEN ADD CONSTRAINT CK_HOCVIEN_MAHV CHECK(LEFT(MAHV,2) = MALOP AND ISNUMERIC(RIGHT(MAHV,2)) = 1)
	-- C2 có thể sai nếu trường hợp MALOP = NULL => RECOMMEND C1

-- 3.Thuộc tính GIOITINH chỉ có giá trị là “Nam” hoặc “Nu”.
ALTER TABLE HOCVIEN ADD CONSTRAINT CK_HOCVINE_GIOITINH CHECK (GIOITINH IN ('Nam','Nu'))

-- 4.Điểm số của một lần thi có giá trị từ 0 đến 10 và cần lưu đến 2 số lẽ (VD: 6.22).
-- Do DIEM của KETQUATHI đã có kiểu dữ liệu numeric(4,2) nên đã lưu đến 2 số lẽ
ALTER TABLE KETQUATHI ADD CONSTRAINT CK_KQT_DIEMTHI CHECK (DIEM >= 0 AND DIEM <= 10)

-- 5.Kết quả thi là “Dat” nếu điểm từ 5 đến 10 và “Khong dat” nếu điểm nhỏ hơn 5.
ALTER TABLE KETQUATHI ADD CONSTRAINT CK_KQT_KQUA CHECK ((KQUA = 'Dat' AND (DIEM >= 5 AND DIEM <= 10)) OR (KQUA = 'Khong dat' AND (DIEM < 5)))

-- 6.Học viên thi một môn tối đa 3 lần.
ALTER TABLE KETQUATHI ADD CONSTRAINT CK_KQT_LANTHI CHECK (LANTHI <= 3)

-- 7.Học kỳ chỉ có giá trị từ 1 đến 3.
ALTER TABLE GIANGDAY ADD CONSTRAINT CK_GIANGDAY_HOCKY CHECK (HOCKY IN (1,2,3))

-- 8.Học vị của giáo viên chỉ có thể là “CN”, “KS”, “Ths”, ”TS”, ”PTS”.
ALTER TABLE GIAOVIEN ADD CONSTRAINT CK_GIAOVIEN_HOCVI CHECK(HOCVI IN ('CN','KS','ThS','TS','PTS'))

-- Sửa bài: 2.Mã học viên là một chuỗi 5 ký tự, 3 ký tự đầu là mã lớp, 2 ký tự cuối cùng là số thứ tự học viên trong lớp. VD: “K1101”
ALTER TABLE HOCVIEN DROP CONSTRAINT CK_HOCVIEN_MAHV
ALTER TABLE HOCVIEN ADD CONSTRAINT CK_HOCVIEN_MAHV CHECK(MAHV LIKE 'K[0-9][0-9][0-9][0-9]')

------------------------------------- Tuần 2 ----------------------------------------------

-- Bài tập 2: Nhập dữ liệu cho quản lý giáo vụ.

------------------------------------- KHOA ------------------------------------------------

-- MONHOC -- Đã chạy:
INSERT INTO MONHOC(MAMH,TENMH,TCLT,TCTH,MAKHOA) VALUES('THDC','Tin hoc dai cuong',4,1,'KHMT')
INSERT INTO MONHOC(MAMH,TENMH,TCLT,TCTH,MAKHOA) VALUES('CTRR','Cau truc roi rac',5,0,'KHMT')
INSERT INTO MONHOC(MAMH,TENMH,TCLT,TCTH,MAKHOA) VALUES('CSDL','Co so du lieu',3,1,'HTTT')
INSERT INTO MONHOC(MAMH,TENMH,TCLT,TCTH,MAKHOA) VALUES('CTDLGT','Cau truc du lieu va giai thuat',3,1,'KHMT')
INSERT INTO MONHOC(MAMH,TENMH,TCLT,TCTH,MAKHOA) VALUES('PTTKTT','Phan tich thiet ke thuat toan',3,0,'KHMT')
INSERT INTO MONHOC(MAMH,TENMH,TCLT,TCTH,MAKHOA) VALUES('DHMT','Do hoa may tinh',3,1,'KHMT')
INSERT INTO MONHOC(MAMH,TENMH,TCLT,TCTH,MAKHOA) VALUES('KTMT','Kien truc may tinh',3,0,'KTMT')
INSERT INTO MONHOC(MAMH,TENMH,TCLT,TCTH,MAKHOA) VALUES('TKCSDL','Thiet ke co so du lieu',3,1,'HTTT')
INSERT INTO MONHOC(MAMH,TENMH,TCLT,TCTH,MAKHOA) VALUES('PTTKHTTT','Phan tich thiet ke he thong thong tin',4,1,'HTTT')
INSERT INTO MONHOC(MAMH,TENMH,TCLT,TCTH,MAKHOA) VALUES('HDH','He dieu hanh',4,0,'KTMT')
INSERT INTO MONHOC(MAMH,TENMH,TCLT,TCTH,MAKHOA) VALUES('NMCNPM','Nhap mon cong nghe phan mem',3,0,'CNPM')
INSERT INTO MONHOC(MAMH,TENMH,TCLT,TCTH,MAKHOA) VALUES('LTCFW','Lap trinh C for win',3,1,'CNPM')
INSERT INTO MONHOC(MAMH,TENMH,TCLT,TCTH,MAKHOA) VALUES('LTHDT','Lap trinh huong doi tuong',3,1,'CNPM')

-- KHOA - Đã chạy

----- Thoá FK của KHOA
ALTER TABLE KHOA DROP CONSTRAINT FK_KHOA_TRGKHOA

INSERT INTO KHOA(MAKHOA,TENKHOA,NGTLAP,TRGKHOA) VALUES('KHMT','Khoa hoc may tinh','2005/07/06','GV01');
INSERT INTO KHOA(MAKHOA,TENKHOA,NGTLAP,TRGKHOA) VALUES('HTTT','He thong thong tin','2005/07/06','GV02');
INSERT INTO KHOA(MAKHOA,TENKHOA,NGTLAP,TRGKHOA) VALUES('CNPM','Cong nghe phan mem','2005/07/06','GV04');
INSERT INTO KHOA(MAKHOA,TENKHOA,NGTLAP,TRGKHOA) VALUES('MTT','Mang va truyen thong','2005/10/20','GV03');
INSERT INTO KHOA(MAKHOA,TENKHOA,NGTLAP,TRGKHOA) VALUES('KTMT','Ky thuat may tinh','2005/12/20',NULL);

-- GIAOVIEN --- Đã chạy
INSERT INTO GIAOVIEN(MAGV,HOTEN,HOCVI,HOCHAM,GIOITINH,NGSINH,NGVL,HESO,MUCLUONG,MAKHOA) VALUES('GV01','Ho Thanh Son','PTS','GS','Nam','1950/02/05','2004/11/01',5,2250000,'KHMT');
INSERT INTO GIAOVIEN(MAGV,HOTEN,HOCVI,HOCHAM,GIOITINH,NGSINH,NGVL,HESO,MUCLUONG,MAKHOA) VALUES('GV02','Tran Tam Thanh','TS','PGS','Nam','1965/12/17','2004/04/20',4.5,2025000,'HTTT');
INSERT INTO GIAOVIEN(MAGV,HOTEN,HOCVI,HOCHAM,GIOITINH,NGSINH,NGVL,HESO,MUCLUONG,MAKHOA) VALUES('GV03','Do Nghiem Phung','TS','GS','Nu','1950/01/08','2004/09/23',4,1800000,'CNPM');
INSERT INTO GIAOVIEN(MAGV,HOTEN,HOCVI,HOCHAM,GIOITINH,NGSINH,NGVL,HESO,MUCLUONG,MAKHOA) VALUES('GV04','Tran Nam Son','TS','PGS','Nam','1961/02/22','2005/12/01',4.5,2025000,'KTMT');
INSERT INTO GIAOVIEN(MAGV,HOTEN,HOCVI,HOCHAM,GIOITINH,NGSINH,NGVL,HESO,MUCLUONG,MAKHOA) VALUES('GV05','Mai Thanh Danh','ThS','GV','Nam','1958/12/03','2005/12/01',3,1350000,'HTTT');
INSERT INTO GIAOVIEN(MAGV,HOTEN,HOCVI,HOCHAM,GIOITINH,NGSINH,NGVL,HESO,MUCLUONG,MAKHOA) VALUES('GV06','Tran Doan Hung','TS','GV','Nam','1953/11/03','2005/12/01',4.5,2025000,'KHMT');
INSERT INTO GIAOVIEN(MAGV,HOTEN,HOCVI,HOCHAM,GIOITINH,NGSINH,NGVL,HESO,MUCLUONG,MAKHOA) VALUES('GV07','Nguyen Minh Tien','ThS','GV','Nam','1971/11/23','2005/01/03',4,1800000,'KHMT');
INSERT INTO GIAOVIEN(MAGV,HOTEN,HOCVI,HOCHAM,GIOITINH,NGSINH,NGVL,HESO,MUCLUONG,MAKHOA) VALUES('GV08','Le Thi Tran','KS','Null','Nu','1974/03/26','2005/01/03',1.69,760500,'KHMT');
INSERT INTO GIAOVIEN(MAGV,HOTEN,HOCVI,HOCHAM,GIOITINH,NGSINH,NGVL,HESO,MUCLUONG,MAKHOA) VALUES('GV09','Nguyen To Lan','ThS','GV','Nu','1966/12/31','2005/01/03',4,1800000,'HTTT');
INSERT INTO GIAOVIEN(MAGV,HOTEN,HOCVI,HOCHAM,GIOITINH,NGSINH,NGVL,HESO,MUCLUONG,MAKHOA) VALUES('GV10','Le Tran Anh Loan','KS','Null','Nu','1972/07/17','2005/01/03',1.86,837000,'CNPM');
INSERT INTO GIAOVIEN(MAGV,HOTEN,HOCVI,HOCHAM,GIOITINH,NGSINH,NGVL,HESO,MUCLUONG,MAKHOA) VALUES('GV11','Ho Thanh Tung','CN','GV','Nam','1980/12/01','2005/05/15',2.67,1201500,'MTT');
INSERT INTO GIAOVIEN(MAGV,HOTEN,HOCVI,HOCHAM,GIOITINH,NGSINH,NGVL,HESO,MUCLUONG,MAKHOA) VALUES('GV12','Tran Van Anh','CN','Null','Nu','1981/03/29','2005/05/15',1.69,760500,'CNPM');
INSERT INTO GIAOVIEN(MAGV,HOTEN,HOCVI,HOCHAM,GIOITINH,NGSINH,NGVL,HESO,MUCLUONG,MAKHOA) VALUES('GV13','Nguyen Linh Dan','CN','Null','Nu','1980/05/23','2005/05/15',1.69,760500,'KTMT');
INSERT INTO GIAOVIEN(MAGV,HOTEN,HOCVI,HOCHAM,GIOITINH,NGSINH,NGVL,HESO,MUCLUONG,MAKHOA) VALUES('GV14','Truong Minh Chau','ThS','GV','Nu','1976/11/30','2005/05/15',3,1350000,'MTT');
INSERT INTO GIAOVIEN(MAGV,HOTEN,HOCVI,HOCHAM,GIOITINH,NGSINH,NGVL,HESO,MUCLUONG,MAKHOA) VALUES('GV15','Le Ha Thanh','ThS','GV','Nam','1978/04/05','2005/05/15',3,1350000,'KHMT');

-- LOP - Đã nhập

-- Gỡ FK của LOP

ALTER TABLE LOP DROP CONSTRAINT FK_LOP_MAGVCN 

ALTER TABLE LOP DROP CONSTRAINT FK_LOP_TRGLOP 

INSERT INTO LOP(MALOP,TENLOP,TRGLOP,SISO,MAGVCN) VALUES('K11','Lop 1 khoa 1','K1108',11,'GV07')
INSERT INTO LOP(MALOP,TENLOP,TRGLOP,SISO,MAGVCN) VALUES('K12','Lop 2 khoa 1','K1205',12,'GV09')
INSERT INTO LOP(MALOP,TENLOP,TRGLOP,SISO,MAGVCN) VALUES('K13','Lop 3 khoa 1','K1305',12,'GV14')

--------------------------- DIEUKIEN

------- Gỡ FK của DIEUKIEN
ALTER TABLE DIEUKIEN DROP CONSTRAINT FK_DIEUKIEN_MAMH

ALTER TABLE DIEUKIEN DROP CONSTRAINT FK_DIEUKIEN_MAMH_TRUOC

INSERT INTO DIEUKIEN(MAMH,MAMH_TRUOC) VALUES('CSDL','CTRR')
INSERT INTO DIEUKIEN(MAMH,MAMH_TRUOC) VALUES('CSDL','CTDLGT')
INSERT INTO DIEUKIEN(MAMH,MAMH_TRUOC) VALUES('CTDLGT','THDC')
INSERT INTO DIEUKIEN(MAMH,MAMH_TRUOC) VALUES('PTTKTT','THDC')
INSERT INTO DIEUKIEN(MAMH,MAMH_TRUOC) VALUES('PTTKTT','CTDLGT')
INSERT INTO DIEUKIEN(MAMH,MAMH_TRUOC) VALUES('DHMT','THDC')
INSERT INTO DIEUKIEN(MAMH,MAMH_TRUOC) VALUES('LTHDT','THDC')
INSERT INTO DIEUKIEN(MAMH,MAMH_TRUOC) VALUES('PTTKHTTT','CSDL')

-- GIANGDAY
INSERT INTO GIANGDAY(MALOP,MAMH,MAGV,HOCKY,NAM,TUNGAY,DENNGAY) VALUES('K11','THDC','GV07',1,2006,'01/02/2006','05/12/2006')
INSERT INTO GIANGDAY(MALOP,MAMH,MAGV,HOCKY,NAM,TUNGAY,DENNGAY) VALUES('K12','THDC','GV06',1,2006,'01/02/2006','05/12/2006')
INSERT INTO GIANGDAY(MALOP,MAMH,MAGV,HOCKY,NAM,TUNGAY,DENNGAY) VALUES('K13','THDC','GV15',1,2006,'01/02/2006','05/12/2006')
INSERT INTO GIANGDAY(MALOP,MAMH,MAGV,HOCKY,NAM,TUNGAY,DENNGAY) VALUES('K11','CTRR','GV02',1,2006,'09/01/2006','17/5/2006')
INSERT INTO GIANGDAY(MALOP,MAMH,MAGV,HOCKY,NAM,TUNGAY,DENNGAY) VALUES('K12','CTRR','GV02',1,2006,'09/01/2006','17/5/2006')
INSERT INTO GIANGDAY(MALOP,MAMH,MAGV,HOCKY,NAM,TUNGAY,DENNGAY) VALUES('K13','CTRR','GV08',1,2006,'09/01/2006','17/5/2006')
INSERT INTO GIANGDAY(MALOP,MAMH,MAGV,HOCKY,NAM,TUNGAY,DENNGAY) VALUES('K11','CSDL','GV05',2,2006,'06/01/2006','15/7/2006')
INSERT INTO GIANGDAY(MALOP,MAMH,MAGV,HOCKY,NAM,TUNGAY,DENNGAY) VALUES('K12','CSDL','GV09',2,2006,'06/01/2006','15/7/2006')
INSERT INTO GIANGDAY(MALOP,MAMH,MAGV,HOCKY,NAM,TUNGAY,DENNGAY) VALUES('K13','CTDLGT','GV15',2,2006,'06/01/2006','15/7/2006')
INSERT INTO GIANGDAY(MALOP,MAMH,MAGV,HOCKY,NAM,TUNGAY,DENNGAY) VALUES('K13','CSDL','GV05',3,2006,'08/01/2006','15/12/2006')
INSERT INTO GIANGDAY(MALOP,MAMH,MAGV,HOCKY,NAM,TUNGAY,DENNGAY) VALUES('K13','DHMT','GV07',3,2006,'08/01/2006','15/12/2006')
INSERT INTO GIANGDAY(MALOP,MAMH,MAGV,HOCKY,NAM,TUNGAY,DENNGAY) VALUES('K11','CTDLGT','GV15',3,2006,'08/01/2006','15/12/2006')
INSERT INTO GIANGDAY(MALOP,MAMH,MAGV,HOCKY,NAM,TUNGAY,DENNGAY) VALUES('K12','CTDLGT','GV15',3,2006,'08/01/2006','15/12/2006')
INSERT INTO GIANGDAY(MALOP,MAMH,MAGV,HOCKY,NAM,TUNGAY,DENNGAY) VALUES('K11','HDH','GV04',1,2007,'01/02/2007','18/2/2007')
INSERT INTO GIANGDAY(MALOP,MAMH,MAGV,HOCKY,NAM,TUNGAY,DENNGAY) VALUES('K12','HDH','GV04',1,2007,'01/02/2007','20/3/2007')
INSERT INTO GIANGDAY(MALOP,MAMH,MAGV,HOCKY,NAM,TUNGAY,DENNGAY) VALUES('K11','DHMT','GV07',1,2007,'18/2/2007','20/3/2007')

-- HOCVIEN
INSERT INTO HOCVIEN(MAHV,HO,TEN,NGSINH,GIOITINH,NOISINH,MALOP) VALUES('K1101','Nguyen Van','A','1986/01/27','Nam','TpHCM','K11');
INSERT INTO HOCVIEN(MAHV,HO,TEN,NGSINH,GIOITINH,NOISINH,MALOP) VALUES('K1102','Tran Ngoc','Han','1986/03/14','Nu','Kien Giang','K11');
INSERT INTO HOCVIEN(MAHV,HO,TEN,NGSINH,GIOITINH,NOISINH,MALOP) VALUES('K1103','Ha Duy','Lap','1986/04/18','Nam','Nghe An','K11');
INSERT INTO HOCVIEN(MAHV,HO,TEN,NGSINH,GIOITINH,NOISINH,MALOP) VALUES('K1104','Tran Ngoc','Linh','1986/03/30','Nu','Tay Ninh','K11');
INSERT INTO HOCVIEN(MAHV,HO,TEN,NGSINH,GIOITINH,NOISINH,MALOP) VALUES('K1105','Tran Minh','Long','1986/02/27','Nam','TpHCM','K11');
INSERT INTO HOCVIEN(MAHV,HO,TEN,NGSINH,GIOITINH,NOISINH,MALOP) VALUES('K1106','Le Nhat','Minh','1986/01/24','Nam','TpHCM','K11');
INSERT INTO HOCVIEN(MAHV,HO,TEN,NGSINH,GIOITINH,NOISINH,MALOP) VALUES('K1107','Nguyen Nhu','Nhut','1986/01/27','Nam','Ha Noi','K11');
INSERT INTO HOCVIEN(MAHV,HO,TEN,NGSINH,GIOITINH,NOISINH,MALOP) VALUES('K1108','Nguyen Manh','Tam','1986/02/27','Nam','Kien Giang','K11');
INSERT INTO HOCVIEN(MAHV,HO,TEN,NGSINH,GIOITINH,NOISINH,MALOP) VALUES('K1109','Phan Thi Thanh','Tam','1986/01/27','Nu','Vinh Long','K11');
INSERT INTO HOCVIEN(MAHV,HO,TEN,NGSINH,GIOITINH,NOISINH,MALOP) VALUES('K1110','Le Hoai','Thuong','1986/05/02','Nu','Can Tho','K11');
INSERT INTO HOCVIEN(MAHV,HO,TEN,NGSINH,GIOITINH,NOISINH,MALOP) VALUES('K1111','Le Ha','Vinh','1986/12/25','Nam','Vinh Long','K11');
INSERT INTO HOCVIEN(MAHV,HO,TEN,NGSINH,GIOITINH,NOISINH,MALOP) VALUES('K1201','Nguyen Van','B','1986/11/02','Nam','TpHCM','K12');
INSERT INTO HOCVIEN(MAHV,HO,TEN,NGSINH,GIOITINH,NOISINH,MALOP) VALUES('K1202','Nguyen Thi Kim','Duyen','1986/01/18','Nu','TpHCM','K12');
INSERT INTO HOCVIEN(MAHV,HO,TEN,NGSINH,GIOITINH,NOISINH,MALOP) VALUES('K1203','Tran Thi Kim','Duyen','1986/09/17','Nu','TpHCM','K12');
INSERT INTO HOCVIEN(MAHV,HO,TEN,NGSINH,GIOITINH,NOISINH,MALOP) VALUES('K1204','Truong My','Hanh','1986/05/19','Nu','Dong Nai','K12');
INSERT INTO HOCVIEN(MAHV,HO,TEN,NGSINH,GIOITINH,NOISINH,MALOP) VALUES('K1205','Nguyen Thanh','Nam','1986/04/17','Nam','TpHCM','K12');
INSERT INTO HOCVIEN(MAHV,HO,TEN,NGSINH,GIOITINH,NOISINH,MALOP) VALUES('K1206','Nguyen Thi Truc','Thanh','1986/04/03','Nu','Kien Giang','K12');
INSERT INTO HOCVIEN(MAHV,HO,TEN,NGSINH,GIOITINH,NOISINH,MALOP) VALUES('K1207','Tran Thi Bich','Thuy','1986/08/02','Nu','Nghe An','K12');
INSERT INTO HOCVIEN(MAHV,HO,TEN,NGSINH,GIOITINH,NOISINH,MALOP) VALUES('K1208','Huynh Thi Kim','Trieu','1986/08/04','Nu','Tay Ninh','K12');
INSERT INTO HOCVIEN(MAHV,HO,TEN,NGSINH,GIOITINH,NOISINH,MALOP) VALUES('K1209','Pham Thanh','Trieu','1986/02/23','Nam','TpHCM','K12');
INSERT INTO HOCVIEN(MAHV,HO,TEN,NGSINH,GIOITINH,NOISINH,MALOP) VALUES('K1210','Ngo Thanh','Tuan','1986/02/14','Nam','TpHCM','K12');
INSERT INTO HOCVIEN(MAHV,HO,TEN,NGSINH,GIOITINH,NOISINH,MALOP) VALUES('K1211','Do Thi','Xuan','1986/09/03','Nu','Ha Noi','K12');
INSERT INTO HOCVIEN(MAHV,HO,TEN,NGSINH,GIOITINH,NOISINH,MALOP) VALUES('K1212','Le Thi Phi','Yen','1986/12/03','Nu','TpHCM','K12');
INSERT INTO HOCVIEN(MAHV,HO,TEN,NGSINH,GIOITINH,NOISINH,MALOP) VALUES('K1301','Nguyen Thi Kim','Cuc','1986/09/06','Nu','Kien Giang','K13');
INSERT INTO HOCVIEN(MAHV,HO,TEN,NGSINH,GIOITINH,NOISINH,MALOP) VALUES('K1302','Truong Thi My','Hien','1986/03/18','Nu','Nghe An','K13');
INSERT INTO HOCVIEN(MAHV,HO,TEN,NGSINH,GIOITINH,NOISINH,MALOP) VALUES('K1303','Le Duc','Hien','1986/03/21','Nam','Tay Ninh','K13');
INSERT INTO HOCVIEN(MAHV,HO,TEN,NGSINH,GIOITINH,NOISINH,MALOP) VALUES('K1304','Le Quang','Hien','1986/04/18','Nam','TpHCM','K13');
INSERT INTO HOCVIEN(MAHV,HO,TEN,NGSINH,GIOITINH,NOISINH,MALOP) VALUES('K1305','Le Thi','Huong','1986/03/27','Nu','TpHCM','K13');
INSERT INTO HOCVIEN(MAHV,HO,TEN,NGSINH,GIOITINH,NOISINH,MALOP) VALUES('K1306','Nguyen Thai','Huu','1986/03/30','Nam','Ha Noi','K13');
INSERT INTO HOCVIEN(MAHV,HO,TEN,NGSINH,GIOITINH,NOISINH,MALOP) VALUES('K1307','Tran Minh','Man','1986/05/28','Nam','TpHCM','K13');
INSERT INTO HOCVIEN(MAHV,HO,TEN,NGSINH,GIOITINH,NOISINH,MALOP) VALUES('K1308','Nguyen Hieu','Nghia','1986/08/04','Nam','Kien Giang','K13');
INSERT INTO HOCVIEN(MAHV,HO,TEN,NGSINH,GIOITINH,NOISINH,MALOP) VALUES('K1309','Nguyen Trung','Nghia','1987/01/18','Nam','Nghe An','K13');
INSERT INTO HOCVIEN(MAHV,HO,TEN,NGSINH,GIOITINH,NOISINH,MALOP) VALUES('K1310','Tran Thi Hong','Tham','1986/04/22','Nu','Tay Ninh','K13');
INSERT INTO HOCVIEN(MAHV,HO,TEN,NGSINH,GIOITINH,NOISINH,MALOP) VALUES('K1311','Tran Minh','Thuc','1986/04/04','Nam','TpHCM','K13');
INSERT INTO HOCVIEN(MAHV,HO,TEN,NGSINH,GIOITINH,NOISINH,MALOP) VALUES('K1312','Nguyen Thi Kim','Yen','1986/07/09','Nu','TpHCM','K13');

-- KETQUATHI
INSERT INTO KETQUATHI(MAHV,MAMH,LANTHI,NGTHI,DIEM,KQUA) VALUES('K1101','CSDL',1,'20/7/2006',10,'Dat')
INSERT INTO KETQUATHI(MAHV,MAMH,LANTHI,NGTHI,DIEM,KQUA) VALUES('K1101','CTDLGT',1,'28/12/2006',9,'Dat')
INSERT INTO KETQUATHI(MAHV,MAMH,LANTHI,NGTHI,DIEM,KQUA) VALUES('K1101','THDC',1,'20/5/2006',9,'Dat')
INSERT INTO KETQUATHI(MAHV,MAMH,LANTHI,NGTHI,DIEM,KQUA) VALUES('K1101','CTRR',1,'13/5/2006',9.5,'Dat')
INSERT INTO KETQUATHI(MAHV,MAMH,LANTHI,NGTHI,DIEM,KQUA) VALUES('K1102','CSDL',1,'20/7/2006',4,'Khong Dat')
INSERT INTO KETQUATHI(MAHV,MAMH,LANTHI,NGTHI,DIEM,KQUA) VALUES('K1102','CSDL',2,'27/7/2006',4.25,'Khong Dat')
INSERT INTO KETQUATHI(MAHV,MAMH,LANTHI,NGTHI,DIEM,KQUA) VALUES('K1102','CSDL',3,'08/10/2006',4.5,'Khong Dat')
INSERT INTO KETQUATHI(MAHV,MAMH,LANTHI,NGTHI,DIEM,KQUA) VALUES('K1102','CTDLGT',1,'28/12/2006',4.5,'Khong Dat')
INSERT INTO KETQUATHI(MAHV,MAMH,LANTHI,NGTHI,DIEM,KQUA) VALUES('K1102','CTDLGT',2,'01/05/2007',4,'Khong Dat')
INSERT INTO KETQUATHI(MAHV,MAMH,LANTHI,NGTHI,DIEM,KQUA) VALUES('K1102','CTDLGT',3,'15/1/2007',6,'Dat')
INSERT INTO KETQUATHI(MAHV,MAMH,LANTHI,NGTHI,DIEM,KQUA) VALUES('K1102','THDC',1,'20/5/2006',5,'Dat')
INSERT INTO KETQUATHI(MAHV,MAMH,LANTHI,NGTHI,DIEM,KQUA) VALUES('K1102','CTRR',1,'13/5/2006',7,'Dat')
INSERT INTO KETQUATHI(MAHV,MAMH,LANTHI,NGTHI,DIEM,KQUA) VALUES('K1103','CSDL',1,'20/7/2006',3.5,'Khong Dat')
INSERT INTO KETQUATHI(MAHV,MAMH,LANTHI,NGTHI,DIEM,KQUA) VALUES('K1103','CSDL',2,'27/7/2006',8.25,'Dat')
INSERT INTO KETQUATHI(MAHV,MAMH,LANTHI,NGTHI,DIEM,KQUA) VALUES('K1103','CTDLGT',1,'28/12/2006',7,'Dat')
INSERT INTO KETQUATHI(MAHV,MAMH,LANTHI,NGTHI,DIEM,KQUA) VALUES('K1103','THDC',1,'20/5/2006',8,'Dat')
INSERT INTO KETQUATHI(MAHV,MAMH,LANTHI,NGTHI,DIEM,KQUA) VALUES('K1103','CTRR',1,'13/5/2006',6.5,'Dat')
INSERT INTO KETQUATHI(MAHV,MAMH,LANTHI,NGTHI,DIEM,KQUA) VALUES('K1104','CSDL',1,'20/7/2006',3.75,'Khong Dat')
INSERT INTO KETQUATHI(MAHV,MAMH,LANTHI,NGTHI,DIEM,KQUA) VALUES('K1104','CTDLGT',1,'28/12/2006',4,'Khong Dat')
INSERT INTO KETQUATHI(MAHV,MAMH,LANTHI,NGTHI,DIEM,KQUA) VALUES('K1104','THDC',1,'20/5/2006',4,'Khong Dat')
INSERT INTO KETQUATHI(MAHV,MAMH,LANTHI,NGTHI,DIEM,KQUA) VALUES('K1104','CTRR',1,'13/5/2006',4,'Khong Dat')
INSERT INTO KETQUATHI(MAHV,MAMH,LANTHI,NGTHI,DIEM,KQUA) VALUES('K1104','CTRR',2,'20/5/2006',3.5,'Khong Dat')
INSERT INTO KETQUATHI(MAHV,MAMH,LANTHI,NGTHI,DIEM,KQUA) VALUES('K1104','CTRR',3,'30/6/2006',4,'Khong Dat')
INSERT INTO KETQUATHI(MAHV,MAMH,LANTHI,NGTHI,DIEM,KQUA) VALUES('K1201','CSDL',1,'20/7/2006',6,'Dat')
INSERT INTO KETQUATHI(MAHV,MAMH,LANTHI,NGTHI,DIEM,KQUA) VALUES('K1201','CTDLGT',1,'28/12/2006',5,'Dat')
INSERT INTO KETQUATHI(MAHV,MAMH,LANTHI,NGTHI,DIEM,KQUA) VALUES('K1201','THDC',1,'20/5/2006',8.5,'Dat')
INSERT INTO KETQUATHI(MAHV,MAMH,LANTHI,NGTHI,DIEM,KQUA) VALUES('K1201','CTRR',1,'13/5/2006',9,'Dat')
INSERT INTO KETQUATHI(MAHV,MAMH,LANTHI,NGTHI,DIEM,KQUA) VALUES('K1202','CSDL',1,'20/7/2006',8,'Dat')
INSERT INTO KETQUATHI(MAHV,MAMH,LANTHI,NGTHI,DIEM,KQUA) VALUES('K1202','CTDLGT',1,'28/12/2006',4,'Khong Dat')
INSERT INTO KETQUATHI(MAHV,MAMH,LANTHI,NGTHI,DIEM,KQUA) VALUES('K1202','CTDLGT',2,'01/05/2007',5,'Dat')
INSERT INTO KETQUATHI(MAHV,MAMH,LANTHI,NGTHI,DIEM,KQUA) VALUES('K1202','THDC',1,'20/5/2006',4,'Khong Dat')
INSERT INTO KETQUATHI(MAHV,MAMH,LANTHI,NGTHI,DIEM,KQUA) VALUES('K1202','THDC',2,'27/5/2006',4,'Khong Dat')
INSERT INTO KETQUATHI(MAHV,MAMH,LANTHI,NGTHI,DIEM,KQUA) VALUES('K1202','CTRR',1,'13/5/2006',3,'Khong Dat')
INSERT INTO KETQUATHI(MAHV,MAMH,LANTHI,NGTHI,DIEM,KQUA) VALUES('K1202','CTRR',2,'20/5/2006',4,'Khong Dat')
INSERT INTO KETQUATHI(MAHV,MAMH,LANTHI,NGTHI,DIEM,KQUA) VALUES('K1202','CTRR',3,'30/6/2006',6.25,'Dat')
INSERT INTO KETQUATHI(MAHV,MAMH,LANTHI,NGTHI,DIEM,KQUA) VALUES('K1203','CSDL',1,'20/7/2006',9.25,'Dat')
INSERT INTO KETQUATHI(MAHV,MAMH,LANTHI,NGTHI,DIEM,KQUA) VALUES('K1203','CTDLGT',1,'28/12/2006',9.5,'Dat')
INSERT INTO KETQUATHI(MAHV,MAMH,LANTHI,NGTHI,DIEM,KQUA) VALUES('K1203','THDC',1,'20/5/2006',10,'Dat')
INSERT INTO KETQUATHI(MAHV,MAMH,LANTHI,NGTHI,DIEM,KQUA) VALUES('K1203','CTRR',1,'13/5/2006',10,'Dat')
INSERT INTO KETQUATHI(MAHV,MAMH,LANTHI,NGTHI,DIEM,KQUA) VALUES('K1204','CSDL',1,'20/7/2006',8.5,'Dat')
INSERT INTO KETQUATHI(MAHV,MAMH,LANTHI,NGTHI,DIEM,KQUA) VALUES('K1204','CTDLGT',1,'28/12/2006',6.75,'Dat')
INSERT INTO KETQUATHI(MAHV,MAMH,LANTHI,NGTHI,DIEM,KQUA) VALUES('K1204','THDC',1,'20/5/2006',4,'Khong Dat')
INSERT INTO KETQUATHI(MAHV,MAMH,LANTHI,NGTHI,DIEM,KQUA) VALUES('K1204','CTRR',1,'13/5/2006',6,'Dat')
INSERT INTO KETQUATHI(MAHV,MAMH,LANTHI,NGTHI,DIEM,KQUA) VALUES('K1301','CSDL',1,'20/12/2006',4.25,'Khong Dat')
INSERT INTO KETQUATHI(MAHV,MAMH,LANTHI,NGTHI,DIEM,KQUA) VALUES('K1301','CTDLGT',1,'25/7/2006',8,'Dat')
INSERT INTO KETQUATHI(MAHV,MAMH,LANTHI,NGTHI,DIEM,KQUA) VALUES('K1301','THDC',1,'20/5/2006',7.75,'Dat')
INSERT INTO KETQUATHI(MAHV,MAMH,LANTHI,NGTHI,DIEM,KQUA) VALUES('K1301','CTRR',1,'13/5/2006',8,'Dat')
INSERT INTO KETQUATHI(MAHV,MAMH,LANTHI,NGTHI,DIEM,KQUA) VALUES('K1302','CSDL',1,'20/12/2006',6.75,'Dat')
INSERT INTO KETQUATHI(MAHV,MAMH,LANTHI,NGTHI,DIEM,KQUA) VALUES('K1302','CTDLGT',1,'25/7/2006',5,'Dat')
INSERT INTO KETQUATHI(MAHV,MAMH,LANTHI,NGTHI,DIEM,KQUA) VALUES('K1302','THDC',1,'20/5/2006',8,'Dat')
INSERT INTO KETQUATHI(MAHV,MAMH,LANTHI,NGTHI,DIEM,KQUA) VALUES('K1302','CTRR',1,'13/5/2006',8.5,'Dat')
INSERT INTO KETQUATHI(MAHV,MAMH,LANTHI,NGTHI,DIEM,KQUA) VALUES('K1303','CSDL',1,'20/12/2006',4,'Khong Dat')
INSERT INTO KETQUATHI(MAHV,MAMH,LANTHI,NGTHI,DIEM,KQUA) VALUES('K1303','CTDLGT',1,'25/7/2006',4.5,'Khong Dat')
INSERT INTO KETQUATHI(MAHV,MAMH,LANTHI,NGTHI,DIEM,KQUA) VALUES('K1303','CTDLGT',2,'08/07/2006',4,'Khong Dat')
INSERT INTO KETQUATHI(MAHV,MAMH,LANTHI,NGTHI,DIEM,KQUA) VALUES('K1303','CTDLGT',3,'15/8/2006',4.25,'Khong Dat')
INSERT INTO KETQUATHI(MAHV,MAMH,LANTHI,NGTHI,DIEM,KQUA) VALUES('K1303','THDC',1,'20/5/2006',4.5,'Khong Dat')
INSERT INTO KETQUATHI(MAHV,MAMH,LANTHI,NGTHI,DIEM,KQUA) VALUES('K1303','CTRR',1,'13/5/2006',3.25,'Khong Dat')
INSERT INTO KETQUATHI(MAHV,MAMH,LANTHI,NGTHI,DIEM,KQUA) VALUES('K1303','CTRR',2,'20/5/2006',5,'Dat')
INSERT INTO KETQUATHI(MAHV,MAMH,LANTHI,NGTHI,DIEM,KQUA) VALUES('K1304','CSDL',1,'20/12/2006',7.75,'Dat')
INSERT INTO KETQUATHI(MAHV,MAMH,LANTHI,NGTHI,DIEM,KQUA) VALUES('K1304','CTDLGT',1,'25/7/2006',9.75,'Dat')
INSERT INTO KETQUATHI(MAHV,MAMH,LANTHI,NGTHI,DIEM,KQUA) VALUES('K1304','THDC',1,'20/5/2006',5.5,'Dat')
INSERT INTO KETQUATHI(MAHV,MAMH,LANTHI,NGTHI,DIEM,KQUA) VALUES('K1304','CTRR',1,'13/5/2006',5,'Dat')
INSERT INTO KETQUATHI(MAHV,MAMH,LANTHI,NGTHI,DIEM,KQUA) VALUES('K1305','CSDL',1,'20/12/2006',9.25,'Dat')
INSERT INTO KETQUATHI(MAHV,MAMH,LANTHI,NGTHI,DIEM,KQUA) VALUES('K1305','CTDLGT',1,'25/7/2006',10,'Dat')
INSERT INTO KETQUATHI(MAHV,MAMH,LANTHI,NGTHI,DIEM,KQUA) VALUES('K1305','THDC',1,'20/5/2006',8,'Dat')
INSERT INTO KETQUATHI(MAHV,MAMH,LANTHI,NGTHI,DIEM,KQUA) VALUES('K1305','CTRR',1,'13/5/2006',10,'Dat')

*/